<!-- [ Mirror metadata ] generatedAt: 1463136998599 -->
<!-- Generated screen file. Fill the id tags below with content with
which to populate your previewed layout. For a complete specification
of sample data, please see http://jimulabs.com/sample-data-specifications/ 

Valid attributes on <screen> tag: theme="@style/someTheme" inEditMode="false" overlay="@drawable/mockup" -->
<screen>
    <_content layout="@layout/activity_ply">
        <!-- TextView Examples:
        <textView_from text="@string/string_resource" />
        <textView_from text="Text literal" textSize="14sp" /> -->
        <textView_from />
        <textView_to />
        <textView_pickpoint />
        <!-- ImageView Examples:
        <imageView3 src="@drawable/image_resource" />
        <imageView3 src="relative_path/image.jpg" /> -->
        <imageView3 />
        <textView_droppoint />
        <imageView4 />
        <textView_AS />
        <lv_service_availiability>
            <items layout="@android:layout/simple_list_item_1" >
                <_item>
                    <text1>Vancouver</text1>
                </_item>
                <_item>
                    <text1>Cairo</text1>
                </_item>
                <_item>
                    <text1>New York</text1>
                </_item>
                <_item>
                    <text1>San Francisco</text1>
                </_item>
                <_item>
                    <text1>Seattle</text1>
                </_item>
                <_item>
                    <text1>Hong Kong</text1>
                </_item>
                <_item>
                    <text1>Tokyo</text1>
                </_item>
            </items>
                </lv_service_availiability>
    </_content>
</screen>
