<!-- [ Mirror metadata ] generatedAt: 1463136998634 -->
<!-- Generated screen file. Fill the id tags below with content with
which to populate your previewed layout. For a complete specification
of sample data, please see http://jimulabs.com/sample-data-specifications/ 

Valid attributes on <screen> tag: theme="@style/someTheme" inEditMode="false" overlay="@drawable/mockup" -->
<screen>
    <_content layout="@layout/list_service_item">
        <!-- TextView Examples:
        <tv_interval text="@string/string_resource" />
        <tv_interval text="Text literal" textSize="14sp" /> -->
        <tv_interval />
        <tv_filling_status />
        <tv_availability />
        <!-- ImageView Examples:
        <imageView2 src="@drawable/image_resource" />
        <imageView2 src="relative_path/image.jpg" /> -->
        <imageView2 />
    </_content>
</screen>
